{
  "task": "anfis_regression",
  "R": 6,
  "m": 2.0,
  "ridge": 1e-06,
  "test_mse": 2649.4423366073215,
  "feature_names": [
    "age",
    "sex",
    "bmi",
    "bp",
    "s1",
    "s2",
    "s3",
    "s4",
    "s5",
    "s6"
  ],
  "centers": [
    [
      0.2599257521843349,
      0.2653797802099606,
      0.2848791454326615,
      0.29593026498071506,
      0.3054484172699024,
      0.3309224514797837,
      -0.31118058682276106,
      0.42328661893637304,
      0.3806696459909855,
      0.3211778198682181
    ],
    [
      0.25993810708181503,
      0.26540052351713384,
      0.2849046959817843,
      0.2959533351782195,
      0.3054919705168904,
      0.33096512963739405,
      -0.3112084775568905,
      0.4233396700845406,
      0.38071127162012647,
      0.3212094572242102
    ],
    [
      0.06535453148650879,
      0.04609219465684823,
      0.01665318935977325,
      0.033890430161213465,
      -0.0303784526735645,
      -0.01536194674049533,
      -0.016462875019429175,
      -0.027842138439007773,
      -0.004029136961834142,
      0.024681332722203984
    ],
    [
      0.2599360468134003,
      0.26539706413820846,
      0.2849004349423891,
      0.29594948783668973,
      0.305484706929612,
      0.33095801201211344,
      -0.31120382620988957,
      0.4233308225409829,
      0.38070432963350426,
      0.3212041810141605
    ],
    [
      -0.4185551905988768,
      -0.4076643057099673,
      -0.4365553540007779,
      -0.4434093314808549,
      -0.42277256938888264,
      -0.4593997774697684,
      0.4381736881401627,
      -0.5767421220058105,
      -0.546639378843235,
      -0.47251824784566027
    ],
    [
      -0.41628825771115685,
      -0.40668021962046796,
      -0.4347512123289565,
      -0.4416669537401826,
      -0.42090117892346185,
      -0.4576130495424803,
      0.4376873583283126,
      -0.5753810221336462,
      -0.544884259513557,
      -0.4706453329543278
    ]
  ],
  "thetas": [
    [
      148.4807862858553,
      4.213959671783923,
      -4.750835587900458,
      28.324859993546237,
      15.27768880102381,
      -49.639033978885315,
      31.38999146711868,
      16.391993356363106,
      12.086140166187779,
      40.63327260908466,
      4.045720478685294
    ],
    [
      148.4810062104836,
      4.2143134178564,
      -4.750215365676471,
      28.324852708112456,
      15.277717959675277,
      -49.639845533165186,
      31.390610907210633,
      16.392712403323735,
      12.086392645303215,
      40.63340381690384,
      4.046016935348774
    ],
    [
      147.08064071683017,
      0.2359123780310204,
      -10.512309492814012,
      24.897638952071222,
      14.839082593791211,
      -40.335161612460524,
      22.888071697486925,
      8.062949647380012,
      10.930600916013075,
      38.41323266760617,
      1.8380363727265905
    ],
    [
      148.48096953130957,
      4.214254425276741,
      -4.7503188001228125,
      28.32485392978091,
      15.277713096545703,
      -49.63971018681634,
      31.390507603215386,
      16.392592488782956,
      12.086350536969977,
      40.633381934380935,
      4.04596749415608
    ],
    [
      146.38316599846033,
      -4.168141884986361,
      -14.493440656831277,
      17.50516880450083,
      11.511676201227413,
      -0.9059246826787231,
      -8.612524911561744,
      -13.052333759829065,
      7.667075937505245,
      25.60605826094923,
      -0.2779158456350186
    ],
    [
      146.37984010377647,
      -4.165423105696081,
      -14.476170766755402,
      17.518686697026865,
      11.526260286703842,
      -1.1048580914080264,
      -8.472646618517354,
      -12.945065746954308,
      7.69841092808349,
      25.681340851907454,
      -0.27323665327654273
    ]
  ]
}