{
  "task": "anfis_classification",
  "R": 6,
  "m": 2.0,
  "metrics": {
    "acc": 0.7467532467532467,
    "f1": 0.6829268292682927,
    "auc": 0.8157407407407407
  },
  "feature_names": [
    "preg",
    "plas",
    "pres",
    "skin",
    "insu",
    "mass",
    "pedi",
    "age"
  ],
  "centers": [
    [
      0.03967448846017292,
      0.041810550623171724,
      0.0217687539601696,
      0.011876259219714767,
      0.020226864125966727,
      0.02724396821915997,
      0.01498534628087409,
      0.046347434366389106
    ],
    [
      0.030092512227043625,
      0.034922285558671204,
      0.018041223371680543,
      0.013151924500510032,
      0.019174708650325247,
      0.02493214909447137,
      0.013606171416630744,
      0.035813673010216575
    ],
    [
      -0.21525721408071252,
      -0.20683943245342537,
      -0.1065678252360151,
      -0.031983013897915816,
      -0.08225943026906515,
      -0.12624794740617465,
      -0.0700585433076144,
      -0.2508212740390785
    ],
    [
      0.09801206350532045,
      0.080792842996159,
      0.04341264037765191,
      0.0010391281069985195,
      0.02318211209831931,
      0.0383690103155391,
      0.02132980086828295,
      0.11010624052935246
    ],
    [
      0.1273940390770807,
      0.09857796254265114,
      0.053703076914317756,
      -0.006428191896492367,
      0.022420919903257296,
      0.04221919989633416,
      0.02320300045538365,
      0.14205512435447254
    ],
    [
      -0.058102410198549524,
      -0.035762928397654506,
      -0.019156558545992217,
      0.01725566900825706,
      0.001266014605513065,
      -0.004535418448158124,
      -0.0041366877335540795,
      -0.06252933146975675
    ]
  ],
  "per_rule_logreg": [
    {
      "coef": [
        0.2493871667031056,
        0.7557514093372381,
        -0.07782190612250153,
        0.03811372849988802,
        0.007177025628152242,
        0.4631108316701443,
        0.18379560008621673,
        0.18247863503628492
      ],
      "intercept": -0.7448975562264272
    },
    {
      "coef": [
        0.24947182300725218,
        0.7563838389213386,
        -0.07813934071340069,
        0.037740949139040136,
        0.007559722958292117,
        0.4645027124617852,
        0.184565439439436,
        0.18544856393978912
      ],
      "intercept": -0.7494668579224756
    },
    {
      "coef": [
        0.26703625458965735,
        0.7823469196216688,
        -0.09324600542345488,
        0.031175752411771115,
        0.008374180046345403,
        0.5186125626138611,
        0.2090155563150518,
        0.27043391098954195
      ],
      "intercept": -0.9167726384562479
    },
    {
      "coef": [
        0.2490240884140034,
        0.7521347469349269,
        -0.07625886923855803,
        0.04050538061620995,
        0.004870873248675347,
        0.4557115766213614,
        0.17922195828927165,
        0.16510020154549537
      ],
      "intercept": -0.7188311046179288
    },
    {
      "coef": [
        0.2488570870304728,
        0.7506428582060636,
        -0.0756969753388927,
        0.041977806750420996,
        0.0036794532457245263,
        0.45250850827255085,
        0.17703783715205035,
        0.15672788231968734
      ],
      "intercept": -0.7066749980767884
    },
    {
      "coef": [
        0.2512613335391682,
        0.7634988727750451,
        -0.08175865177755613,
        0.035578913733556865,
        0.00940361674006131,
        0.4780886848295432,
        0.19225545884152345,
        0.21367506439557643
      ],
      "intercept": -0.7958945188702126
    }
  ]
}